user_id,device_type,platform_id,video_id,session_id,filename,coach_carter_score,oscars_slap_score,trump_ukraine_score,max_score,likely_video,engagement_level,passes_threshold,text_preview,processing_time,user_type
019bfef500435f7b6cb714ea03ffd687,desktop,1,1,1,1_1_1_019bfef500435f7b6cb714ea03ffd687.txt,90,0,0,90,Coach Carter,HIGH,True,"The Coach Carter movie clip shows Coach Carter motivating his team to uphold discipline, focus on ac",0.6407749652862549,broken
019bfef500435f7b6cb714ea03ffd687,desktop,1,1,2,1_1_2_019bfef500435f7b6cb714ea03ffd687.txt,90,0,0,90,Coach Carter,HIGH,True,"The Coach Carter movie clip shows Coach Carter emphasizing the importance of setting goals, staying ",0.9618971347808838,broken
019bfef500435f7b6cb714ea03ffd687,desktop,1,2,1,1_2_1_019bfef500435f7b6cb714ea03ffd687.txt,0,70,0,70,Oscars Slap,MODERATE,True,The Oscar Slap Clip shows Will Smith hitting Chris Rock on stage at the 2022 Oscars after a joke abo,1.7197508811950684,broken
019bfef500435f7b6cb714ea03ffd687,desktop,1,2,2,1_2_2_019bfef500435f7b6cb714ea03ffd687.txt,0,70,0,70,Oscars Slap,MODERATE,True,The Oscar Slap Clip shows Will Smith slapping Chris Rock on stage during the 2022 Oscars after a jok,0.556555986404419,broken
019bfef500435f7b6cb714ea03ffd687,desktop,1,3,1,1_3_1_019bfef500435f7b6cb714ea03ffd687.txt,0,0,60,60,Trump-Ukraine Meeting,MODERATE,True,The clip shows former President Trump and author Vance meeting with Ukrainian President Zelenskyy in,0.6353137493133545,broken
019bfef500435f7b6cb714ea03ffd687,desktop,1,3,2,1_3_2_019bfef500435f7b6cb714ea03ffd687.txt,0,0,60,60,Trump-Ukraine Meeting,MODERATE,True,The clip shows former President Trump and author Vance meeting with Ukrainian President Zelenskyy in,0.7372260093688965,broken
019bfef500435f7b6cb714ea03ffd687,desktop,2,1,1,2_1_1_019bfef500435f7b6cb714ea03ffd687.txt,90,0,0,90,Coach Carter,HIGH,True,The Coach Carter movie clip shows Coach Carter guiding his team to understand the value of hard work,0.5775632858276367,broken
019bfef500435f7b6cb714ea03ffd687,desktop,2,1,2,2_1_2_019bfef500435f7b6cb714ea03ffd687.txt,80,0,0,80,Coach Carter,HIGH,True,The Coach Carter movie clip shows Coach Carter motivating his basketball team to improve their work ,0.6466219425201416,broken
019bfef500435f7b6cb714ea03ffd687,desktop,2,2,1,2_2_1_019bfef500435f7b6cb714ea03ffd687.txt,0,60,0,60,Oscars Slap,MODERATE,True,The Oscar Slap Clip shows Will Smith hitting Chris Rock on stage at the 2022 Oscars after a joke abo,0.7132308483123779,broken
019bfef500435f7b6cb714ea03ffd687,desktop,2,2,2,2_2_2_019bfef500435f7b6cb714ea03ffd687.txt,0,80,0,80,Oscars Slap,HIGH,True,The Oscar Slap Clip shows Will Smith slapping Chris Rock on stage during the 2022 Oscars after a jok,0.6086540222167969,broken
019bfef500435f7b6cb714ea03ffd687,desktop,2,3,1,2_3_1_019bfef500435f7b6cb714ea03ffd687.txt,0,0,60,60,Trump-Ukraine Meeting,MODERATE,True,The clip shows former President Trump and author Vance in the Oval Office with Ukrainian President Z,0.656425952911377,broken
019bfef500435f7b6cb714ea03ffd687,desktop,2,3,2,2_3_2_019bfef500435f7b6cb714ea03ffd687.txt,0,0,60,60,Trump-Ukraine Meeting,MODERATE,True,The clip shows former President Trump and author Vance meeting with Ukrainian President Zelenskyy in,0.6843500137329102,broken
019bfef500435f7b6cb714ea03ffd687,desktop,3,1,1,3_1_1_019bfef500435f7b6cb714ea03ffd687.txt,80,0,0,80,Coach Carter,HIGH,True,The Coach Carter movie clip shows Coach Carter enforcing rules and motivating his team to take acade,0.6196660995483398,broken
019bfef500435f7b6cb714ea03ffd687,desktop,3,1,2,3_1_2_019bfef500435f7b6cb714ea03ffd687.txt,80,0,0,80,Coach Carter,HIGH,True,"The Coach Carter movie clip shows Coach Carter inspiring his players to take responsibility, value e",0.7851507663726807,broken
019bfef500435f7b6cb714ea03ffd687,desktop,3,2,1,3_2_1_019bfef500435f7b6cb714ea03ffd687.txt,0,80,0,80,Oscars Slap,HIGH,True,The Oscar Slap Clip shows Will Smith slapping Chris Rock on stage at the 2022 Oscars after Rock made,0.5389759540557861,broken
019bfef500435f7b6cb714ea03ffd687,desktop,3,2,2,3_2_2_019bfef500435f7b6cb714ea03ffd687.txt,0,80,0,80,Oscars Slap,HIGH,True,The Oscar Slap Clip shows Will Smith slapping Chris Rock on stage during the 2022 Oscars after a jok,0.7030377388000488,broken
019bfef500435f7b6cb714ea03ffd687,desktop,3,3,1,3_3_1_019bfef500435f7b6cb714ea03ffd687.txt,0,0,60,60,Trump-Ukraine Meeting,MODERATE,True,The Oval Office meeting clip shows former President Trump and author Vance talking with Ukrainian Pr,0.6637496948242188,broken
019bfef500435f7b6cb714ea03ffd687,desktop,3,3,2,3_3_2_019bfef500435f7b6cb714ea03ffd687.txt,0,0,60,60,Trump-Ukraine Meeting,MODERATE,True,The clip shows former President Trump and author Vance meeting with Ukrainian President Zelenskyy in,0.645298957824707,broken
03fa198f4c5d4d58243a0e3ae8124839,desktop,1,1,1,1_1_1_03fa198f4c5d4d58243a0e3ae8124839.txt,85,0,0,85,Coach Carter,HIGH,True,"“Coach Carter shows that true success comes from discipline, teamwork, and respect. This clip inspir",0.9385669231414795,broken
03fa198f4c5d4d58243a0e3ae8124839,desktop,1,1,2,1_1_2_03fa198f4c5d4d58243a0e3ae8124839.txt,80,0,0,80,Coach Carter,HIGH,True,"The Coach Carter movie clip shows Coach Carter enforcing strict rules, motivating his team to focus ",0.7394812107086182,broken
03fa198f4c5d4d58243a0e3ae8124839,desktop,1,2,1,1_2_1_03fa198f4c5d4d58243a0e3ae8124839.txt,0,80,0,80,Oscars Slap,HIGH,True,"“That Oscar moment was shocking and intense. It reminds everyone that even in public events, emotion",0.7768728733062744,broken
03fa198f4c5d4d58243a0e3ae8124839,desktop,1,2,2,1_2_2_03fa198f4c5d4d58243a0e3ae8124839.txt,0,80,0,80,Oscars Slap,HIGH,True,The Oscar Slap Clip shows Will Smith slapping Chris Rock on stage during the 2022 Oscars after Rock ,1.0826220512390137,broken
03fa198f4c5d4d58243a0e3ae8124839,desktop,1,3,1,1_3_1_03fa198f4c5d4d58243a0e3ae8124839.txt,0,0,60,60,Trump-Ukraine Meeting,MODERATE,True,The clip shows former President Trump and author Vance meeting with Ukrainian President Zelenskyy in,1.1077978610992432,broken
03fa198f4c5d4d58243a0e3ae8124839,desktop,1,3,2,1_3_2_03fa198f4c5d4d58243a0e3ae8124839.txt,0,0,60,60,Trump-Ukraine Meeting,MODERATE,True,The clip shows former President Trump and author Vance in the Oval Office with Ukrainian President Z,0.8075459003448486,broken
03fa198f4c5d4d58243a0e3ae8124839,desktop,2,1,1,2_1_1_03fa198f4c5d4d58243a0e3ae8124839.txt,80,0,0,80,Coach Carter,HIGH,True,"“Coach Carter shows that hard work, discipline, and teamwork matter more than winning. His guidance ",0.7181921005249023,broken
03fa198f4c5d4d58243a0e3ae8124839,desktop,2,1,2,2_1_2_03fa198f4c5d4d58243a0e3ae8124839.txt,90,0,0,90,Coach Carter,HIGH,True,"The Coach Carter movie clip shows Coach Carter confronting his basketball team, enforcing academic s",0.5682950019836426,broken
03fa198f4c5d4d58243a0e3ae8124839,desktop,2,2,1,2_2_1_03fa198f4c5d4d58243a0e3ae8124839.txt,0,80,0,80,Oscars Slap,HIGH,True,"“That Oscar slap was shocking and unexpected. It reminds us that even in high-profile moments, emoti",0.6502997875213623,broken
03fa198f4c5d4d58243a0e3ae8124839,desktop,2,2,2,2_2_2_03fa198f4c5d4d58243a0e3ae8124839.txt,0,80,0,80,Oscars Slap,HIGH,True,The Oscar Slap Clip shows Will Smith slapping Chris Rock on stage at the 2022 Oscars after Rock joke,0.5846071243286133,broken
03fa198f4c5d4d58243a0e3ae8124839,desktop,2,3,1,2_3_1_03fa198f4c5d4d58243a0e3ae8124839.txt,0,0,60,60,Trump-Ukraine Meeting,MODERATE,True,The clip shows former President Trump and author Vance in the Oval Office with Ukrainian President Z,0.6638436317443848,broken
03fa198f4c5d4d58243a0e3ae8124839,desktop,2,3,2,2_3_2_03fa198f4c5d4d58243a0e3ae8124839.txt,0,0,60,60,Trump-Ukraine Meeting,MODERATE,True,The Oval Office meeting clip shows former President Trump and author Vance talking with Ukrainian Pr,0.7882821559906006,broken
03fa198f4c5d4d58243a0e3ae8124839,desktop,3,1,1,3_1_1_03fa198f4c5d4d58243a0e3ae8124839.txt,80,0,0,80,Coach Carter,HIGH,True,"“  Coach  Carter  teaches that discipline, teamwork, and respect are essential. His lessons inspire ",0.6944222450256348,broken
03fa198f4c5d4d58243a0e3ae8124839,desktop,3,1,2,3_1_2_03fa198f4c5d4d58243a0e3ae8124839.txt,80,0,0,80,Coach Carter,HIGH,True,"The Coach Carter movie clip shows Coach Carter benching his players for poor grades, stressing the i",0.834907054901123,broken
03fa198f4c5d4d58243a0e3ae8124839,desktop,3,2,1,3_2_1_03fa198f4c5d4d58243a0e3ae8124839.txt,0,80,0,80,Oscars Slap,HIGH,True,The Oscar Slap Clip shows Will Smith walking onto the stage during the 2022 Oscars and slapping Chri,0.6475310325622559,broken
03fa198f4c5d4d58243a0e3ae8124839,desktop,3,2,2,3_2_2_03fa198f4c5d4d58243a0e3ae8124839.txt,0,80,0,80,Oscars Slap,HIGH,True,The Oscar Slap Clip shows Will Smith slapping Chris Rock on stage during the 2022 Oscars after Rock ,0.8611040115356445,broken
03fa198f4c5d4d58243a0e3ae8124839,desktop,3,3,1,3_3_1_03fa198f4c5d4d58243a0e3ae8124839.txt,0,0,60,60,Trump-Ukraine Meeting,MODERATE,True,The Oval Office meeting clip shows former President Trump and author Vance speaking with Ukrainian P,1.0043361186981201,broken
03fa198f4c5d4d58243a0e3ae8124839,desktop,3,3,2,3_3_2_03fa198f4c5d4d58243a0e3ae8124839.txt,0,0,60,60,Trump-Ukraine Meeting,MODERATE,True,The Oval Office meeting clip shows former President Trump and author Vance discussing diplomatic str,0.6780040264129639,broken
09ff604f50d6b3b9782b0adc1619ddb8,desktop,1,1,1,1_1_1_09ff604f50d6b3b9782b0adc1619ddb8.txt,0,0,0,0,UNKNOWN,NONE,False,"Our true power lies in shining brightly. When we embrace our greatness, we inspire others to do the ",0.7907247543334961,broken
09ff604f50d6b3b9782b0adc1619ddb8,desktop,1,1,2,1_1_2_09ff604f50d6b3b9782b0adc1619ddb8.txt,0,0,0,0,UNKNOWN,NONE,False,"Shining with confidence frees us and others. Our light is a gift that encourages growth and courage,",0.684147834777832,broken
09ff604f50d6b3b9782b0adc1619ddb8,desktop,1,2,1,1_2_1_09ff604f50d6b3b9782b0adc1619ddb8.txt,0,80,0,80,Oscars Slap,HIGH,True,Will Smith’s slap of Chris Rock over a joke about Jada at the Oscars created a viral sensation. The ,0.64982008934021,broken
09ff604f50d6b3b9782b0adc1619ddb8,desktop,1,2,2,1_2_2_09ff604f50d6b3b9782b0adc1619ddb8.txt,0,80,0,80,Oscars Slap,HIGH,True,"During the Oscars, Will Smith's unexpected slap of Chris Rock over a joke about Jada made headlines.",0.701138973236084,broken
09ff604f50d6b3b9782b0adc1619ddb8,desktop,1,3,1,1_3_1_09ff604f50d6b3b9782b0adc1619ddb8.txt,0,0,0,0,UNKNOWN,NONE,False,"Amid accusations of broken deals and failures in diplomacy, leaders confront each other, pushing the",0.5679020881652832,broken
09ff604f50d6b3b9782b0adc1619ddb8,desktop,1,3,2,1_3_2_09ff604f50d6b3b9782b0adc1619ddb8.txt,0,0,0,0,UNKNOWN,NONE,False,Tensions escalate as leaders blame each other for broken peace deals and Ukraine conflict. Diplomati,1.0389008522033691,broken
09ff604f50d6b3b9782b0adc1619ddb8,desktop,2,1,1,2_1_1_09ff604f50d6b3b9782b0adc1619ddb8.txt,0,0,0,0,UNKNOWN,NONE,False,"By owning our power and shining authentically, we not only transform ourselves but also ignite a col",0.7114760875701904,broken
09ff604f50d6b3b9782b0adc1619ddb8,desktop,2,1,2,2_1_2_09ff604f50d6b3b9782b0adc1619ddb8.txt,0,0,0,0,UNKNOWN,NONE,False,"When we embrace our true power and shine, we not only transform ourselves but also inspire others to",1.0094738006591797,broken
09ff604f50d6b3b9782b0adc1619ddb8,desktop,2,2,1,2_2_1_09ff604f50d6b3b9782b0adc1619ddb8.txt,0,80,0,80,Oscars Slap,HIGH,True,"During the Oscars, Will Smith’s emotional outburst and slap of Chris Rock over a comment about Jada ",0.7657749652862549,broken
09ff604f50d6b3b9782b0adc1619ddb8,desktop,2,2,2,2_2_2_09ff604f50d6b3b9782b0adc1619ddb8.txt,0,80,0,80,Oscars Slap,HIGH,True,The Oscars took a shocking turn when Will Smith smacked Chris Rock after a joke about Jada. The inci,0.6818881034851074,broken
09ff604f50d6b3b9782b0adc1619ddb8,desktop,2,3,1,2_3_1_09ff604f50d6b3b9782b0adc1619ddb8.txt,0,0,0,0,UNKNOWN,NONE,False,"As accusations over broken treaties and Ukraine surface, global tensions rise. Leaders' confrontatio",0.6097538471221924,broken
09ff604f50d6b3b9782b0adc1619ddb8,desktop,2,3,2,2_3_2_09ff604f50d6b3b9782b0adc1619ddb8.txt,0,0,0,0,UNKNOWN,NONE,False,"Accusations over broken agreements and Ukraine threaten international stability. Leaders clash, risk",0.8739988803863525,broken
09ff604f50d6b3b9782b0adc1619ddb8,desktop,3,1,1,3_1_1_09ff604f50d6b3b9782b0adc1619ddb8.txt,0,0,0,0,UNKNOWN,NONE,False,"Embracing our inner strength and letting our light shine encourages others to rise. Together, we bre",0.7994458675384521,broken
09ff604f50d6b3b9782b0adc1619ddb8,desktop,3,1,2,3_1_2_09ff604f50d6b3b9782b0adc1619ddb8.txt,0,0,0,0,UNKNOWN,NONE,False,"Embrace your light—our brilliance is a gift that inspires others. When we shine brightly, we help br",0.6925718784332275,broken
09ff604f50d6b3b9782b0adc1619ddb8,desktop,3,2,1,3_2_1_09ff604f50d6b3b9782b0adc1619ddb8.txt,0,80,0,80,Oscars Slap,HIGH,True,The Oscars took a shocking turn when Will Smith slapped Chris Rock after a joke about Jada. The inci,0.6641149520874023,broken
09ff604f50d6b3b9782b0adc1619ddb8,desktop,3,2,2,3_2_2_09ff604f50d6b3b9782b0adc1619ddb8.txt,0,80,0,80,Oscars Slap,HIGH,True,The Oscars night turned historic when Will Smith slapped Chris Rock after a joke about Jada. The sho,0.6689720153808594,broken
09ff604f50d6b3b9782b0adc1619ddb8,desktop,3,3,1,3_3_1_09ff604f50d6b3b9782b0adc1619ddb8.txt,0,0,0,0,UNKNOWN,NONE,False,Diplomatic tensions flare as leaders accuse each other over broken peace deals and Ukraine. The risk,0.6370370388031006,broken
09ff604f50d6b3b9782b0adc1619ddb8,desktop,3,3,2,3_3_2_09ff604f50d6b3b9782b0adc1619ddb8.txt,0,0,0,0,UNKNOWN,NONE,False,"Leaders argue over failed diplomacy and Ukraine issues, risking further escalation. The fragile peac",0.6619570255279541,broken
0a33d72cd1ea41a33634db135928cc0d,desktop,1,1,1,1_1_1_0a33d72cd1ea41a33634db135928cc0d.txt,0,0,0,0,UNKNOWN,NONE,False,"Embrace your power, shine brightly, and inspire others. Our light liberates us and others from fear,",0.835662841796875,broken
0a33d72cd1ea41a33634db135928cc0d,desktop,1,1,2,1_1_2_0a33d72cd1ea41a33634db135928cc0d.txt,80,0,0,80,Coach Carter,HIGH,True,"We’re meant to shine and empower others. Our light, not our darkness, inspires freedom and confidenc",0.7768259048461914,broken
0a33d72cd1ea41a33634db135928cc0d,desktop,1,2,1,1_2_1_0a33d72cd1ea41a33634db135928cc0d.txt,0,0,0,0,UNKNOWN,NONE,False,Our true greatness emerges when we trust in ourselves and share our light. This inspires a ripple ef,0.7419350147247314,broken
0a33d72cd1ea41a33634db135928cc0d,desktop,1,2,2,1_2_2_0a33d72cd1ea41a33634db135928cc0d.txt,0,80,0,80,Oscars Slap,HIGH,True,Will Smith slapped Chris Rock after a joke about Jada. The shocking moment at the Oscars made histor,0.6359741687774658,broken
0a33d72cd1ea41a33634db135928cc0d,desktop,1,3,1,1_3_1_0a33d72cd1ea41a33634db135928cc0d.txt,0,0,0,0,UNKNOWN,NONE,False,"Tensions rise as accusations fly over broken peace deals, Ukraine, and diplomacy. Leaders clash, ris",0.6208539009094238,broken
0a33d72cd1ea41a33634db135928cc0d,desktop,1,3,2,1_3_2_0a33d72cd1ea41a33634db135928cc0d.txt,0,0,40,40,Trump-Ukraine Meeting,MINIMAL,True,"Leaders clash over broken agreements and Ukraine, with accusations fueling tensions. The risk of esc",1.0340571403503418,broken
0a33d72cd1ea41a33634db135928cc0d,desktop,2,1,1,2_1_1_0a33d72cd1ea41a33634db135928cc0d.txt,0,0,0,0,UNKNOWN,NONE,False,"Embrace your true potential and let your light shine. By doing so, we inspire and liberate others fr",0.7095890045166016,broken
0a33d72cd1ea41a33634db135928cc0d,desktop,2,1,2,2_1_2_0a33d72cd1ea41a33634db135928cc0d.txt,0,0,0,0,UNKNOWN,NONE,False,"Our true strength lies in shining brightly. When we embrace our power, we inspire others to do the s",0.8786158561706543,broken
0a33d72cd1ea41a33634db135928cc0d,desktop,2,2,1,2_2_1_0a33d72cd1ea41a33634db135928cc0d.txt,0,80,0,80,Oscars Slap,HIGH,True,"At the Oscars, Will Smith slapped Chris Rock over a joke about Jada. Smith's reaction made history, ",0.683607816696167,broken
0a33d72cd1ea41a33634db135928cc0d,desktop,2,2,2,2_2_2_0a33d72cd1ea41a33634db135928cc0d.txt,0,80,0,80,Oscars Slap,HIGH,True,"At the Oscars, Will Smith's shocking slap on Chris Rock over Jada’s joke created history. The intens",0.7156200408935547,broken
0a33d72cd1ea41a33634db135928cc0d,desktop,2,3,1,2_3_1_0a33d72cd1ea41a33634db135928cc0d.txt,0,0,0,0,UNKNOWN,NONE,False,"Leaders clash over broken peace agreements and Ukraine, risking global conflict. Accusations fly as ",1.0728340148925781,broken
0a33d72cd1ea41a33634db135928cc0d,desktop,2,3,2,2_3_2_0a33d72cd1ea41a33634db135928cc0d.txt,0,0,0,0,UNKNOWN,NONE,False,"Rising tensions over broken peace treaties and Ukraine, with leaders trading accusations. The world ",0.7978849411010742,broken
0a33d72cd1ea41a33634db135928cc0d,desktop,3,1,1,3_1_1_0a33d72cd1ea41a33634db135928cc0d.txt,0,0,0,0,UNKNOWN,NONE,False,"Recognize your inner strength and share your light. When we embrace our power, we inspire others to ",0.7318069934844971,broken
0a33d72cd1ea41a33634db135928cc0d,desktop,3,1,2,3_1_2_0a33d72cd1ea41a33634db135928cc0d.txt,100,0,0,100,Coach Carter,HIGH,True,"We fear not our inadequacy but our greatness. Let your light shine—by doing so, you empower others, ",0.7621240615844727,broken
0a33d72cd1ea41a33634db135928cc0d,desktop,3,2,1,3_2_1_0a33d72cd1ea41a33634db135928cc0d.txt,0,80,0,80,Oscars Slap,HIGH,True,"During the Oscars, Will Smith slapped Chris Rock after a joke about Jada. The shocking incident spar",0.6332719326019287,broken
0a33d72cd1ea41a33634db135928cc0d,desktop,3,2,2,3_2_2_0a33d72cd1ea41a33634db135928cc0d.txt,0,80,0,80,Oscars Slap,HIGH,True,Will Smith's onstage slap of Chris Rock over a joke about Jada became an unforgettable Oscars moment,0.5941932201385498,broken
0a33d72cd1ea41a33634db135928cc0d,desktop,3,3,1,3_3_1_0a33d72cd1ea41a33634db135928cc0d.txt,0,0,0,0,UNKNOWN,NONE,False,Tensions surge as leaders accuse each other of broken promises and manipulation. The risk of escalat,0.761185884475708,broken
0a33d72cd1ea41a33634db135928cc0d,desktop,3,3,2,3_3_2_0a33d72cd1ea41a33634db135928cc0d.txt,0,0,0,0,UNKNOWN,NONE,False,"Accusations fly over broken deals and Ukraine, as leaders confront each other diplomatically. The si",0.6990370750427246,broken
33d899f4525cdfab3c39dfbc0f969ed3,desktop,1,1,1,1_1_1_33d899f4525cdfab3c39dfbc0f969ed3.txt,100,0,0,100,Coach Carter,HIGH,True,"He takes ownerships of his future, showing us that self-belief is as critical as talent or effort. T",0.7247369289398193,broken
37578655612f9968585f5f785712ddaa,desktop,1,1,1,1_1_1_37578655612f9968585f5f785712ddaa.txt,90,0,0,90,Coach Carter,HIGH,True,"“Coach Carter shows that discipline, hard work, and teamwork are more important than just winning. H",0.7005462646484375,broken
37578655612f9968585f5f785712ddaa,desktop,1,1,2,1_1_2_37578655612f9968585f5f785712ddaa.txt,0,80,0,80,Oscars Slap,HIGH,True,"“That Oscar moment was shocking and unforgettable. It shows how quickly emotions can take over, even",0.8915750980377197,broken
37578655612f9968585f5f785712ddaa,desktop,1,2,1,1_2_1_37578655612f9968585f5f785712ddaa.txt,0,80,0,80,Oscars Slap,HIGH,True,"“That Oscar moment was shocking and unforgettable. It reminds us that even in high-profile events, e",0.6242678165435791,broken
37578655612f9968585f5f785712ddaa,desktop,1,2,2,1_2_2_37578655612f9968585f5f785712ddaa.txt,0,80,0,80,Oscars Slap,HIGH,True,“That Oscar slap was shocking and unexpected. It shows how emotions can take over in high-pressure m,0.8088281154632568,broken
37578655612f9968585f5f785712ddaa,desktop,1,3,1,1_3_1_37578655612f9968585f5f785712ddaa.txt,0,80,0,80,Oscars Slap,HIGH,True,"“That Oscar moment was shocking and unforgettable. It shows how quickly emotions can take over, even",0.7439959049224854,broken
37578655612f9968585f5f785712ddaa,desktop,1,3,2,1_3_2_37578655612f9968585f5f785712ddaa.txt,0,0,60,60,Trump-Ukraine Meeting,MODERATE,True,“This Oval Office meeting highlights the importance of diplomacy and leadership. Decisions made here,0.71533203125,broken
37578655612f9968585f5f785712ddaa,desktop,2,1,1,2_1_1_37578655612f9968585f5f785712ddaa.txt,90,0,0,90,Coach Carter,HIGH,True,"“Watching this *Coach Carter* clip reminds me that discipline, teamwork, and respect are just as imp",0.8461167812347412,broken
37578655612f9968585f5f785712ddaa,desktop,2,1,2,2_1_2_37578655612f9968585f5f785712ddaa.txt,80,0,0,80,Coach Carter,HIGH,True,"“Coach Carter teaches that discipline, teamwork, and respect are just as important as winning. His g",1.0755860805511475,broken
37578655612f9968585f5f785712ddaa,desktop,2,2,1,2_2_1_37578655612f9968585f5f785712ddaa.txt,0,80,0,80,Oscars Slap,HIGH,True,"“That Oscar moment was shocking and unforgettable. It shows how emotions can take over, even in the ",0.7464902400970459,broken
37578655612f9968585f5f785712ddaa,desktop,2,2,2,2_2_2_37578655612f9968585f5f785712ddaa.txt,0,90,0,90,Oscars Slap,HIGH,True,“That Oscar slap was shocking and unforgettable. It shows how emotions can take control even in publ,1.141618251800537,broken
37578655612f9968585f5f785712ddaa,desktop,2,3,1,2_3_1_37578655612f9968585f5f785712ddaa.txt,0,0,60,60,Trump-Ukraine Meeting,MODERATE,True,"“This Oval Office meeting highlights the importance of diplomacy and leadership. Seeing Trump, Vance",0.6441330909729004,broken
37578655612f9968585f5f785712ddaa,desktop,2,3,2,2_3_2_37578655612f9968585f5f785712ddaa.txt,0,0,60,60,Trump-Ukraine Meeting,MODERATE,True,The Oval Office meeting clip shows former President Trump and author Vance discussing key topics wit,0.6364612579345703,broken
37578655612f9968585f5f785712ddaa,desktop,3,1,1,3_1_1_37578655612f9968585f5f785712ddaa.txt,85,0,0,85,Coach Carter,HIGH,True,"“Coach Carter teaches that real growth comes from discipline, hard work, and teamwork. This clip sho",0.9774510860443115,broken
37578655612f9968585f5f785712ddaa,desktop,3,1,2,3_1_2_37578655612f9968585f5f785712ddaa.txt,80,0,0,80,Coach Carter,HIGH,True,"“Coach Carter emphasizes that discipline, hard work, and teamwork are key to success. His lessons go",0.6767449378967285,broken
37578655612f9968585f5f785712ddaa,desktop,3,2,1,3_2_1_37578655612f9968585f5f785712ddaa.txt,0,85,0,85,Oscars Slap,HIGH,True,"“That Oscar moment was shocking and unforgettable. It shows how quickly emotions can take over, even",0.5794100761413574,broken
37578655612f9968585f5f785712ddaa,desktop,3,2,2,3_2_2_37578655612f9968585f5f785712ddaa.txt,0,80,0,80,Oscars Slap,HIGH,True,“ That Oscar  slap  was surprising and intense. It shows how emotions can take control in public mom,0.7272799015045166,broken
37578655612f9968585f5f785712ddaa,desktop,3,3,1,3_3_1_37578655612f9968585f5f785712ddaa.txt,0,0,60,60,Trump-Ukraine Meeting,MODERATE,True,"“This Oval Office meeting highlights the importance of diplomacy and leadership. Seeing Trump, Vance",0.7761709690093994,broken
37578655612f9968585f5f785712ddaa,desktop,3,3,2,3_3_2_37578655612f9968585f5f785712ddaa.txt,0,0,60,60,Trump-Ukraine Meeting,MODERATE,True,The Oval Office meeting clip features former President Trump and author Vance engaging with Ukrainia,0.6497077941894531,broken
40a5c0c29c7580d1e4593c4a149c836c,desktop,1,1,1,1_1_1_40a5c0c29c7580d1e4593c4a149c836c.txt,90,0,0,90,Coach Carter,HIGH,True,"The Coach Carter movie clip shows Coach Carter inspiring his team to respect rules, prioritize schoo",0.7509689331054688,broken
40a5c0c29c7580d1e4593c4a149c836c,desktop,1,1,2,1_1_2_40a5c0c29c7580d1e4593c4a149c836c.txt,0,0,60,60,Trump-Ukraine Meeting,MODERATE,True,The Oval Office meeting clip shows former President Trump and author Vance interacting with Ukrainia,0.7447140216827393,broken
40a5c0c29c7580d1e4593c4a149c836c,desktop,1,2,1,1_2_1_40a5c0c29c7580d1e4593c4a149c836c.txt,0,80,0,80,Oscars Slap,HIGH,True,The Oscar Slap Clip shows Will Smith walking onto the stage at the 2022 Oscars and slapping Chris Ro,0.8316507339477539,broken
40a5c0c29c7580d1e4593c4a149c836c,desktop,1,2,2,1_2_2_40a5c0c29c7580d1e4593c4a149c836c.txt,80,0,0,80,Coach Carter,HIGH,True,"The Coach Carter movie clip shows Coach Carter teaching his players about perseverance, discipline, ",0.8014969825744629,broken
40a5c0c29c7580d1e4593c4a149c836c,desktop,1,3,1,1_3_1_40a5c0c29c7580d1e4593c4a149c836c.txt,0,0,60,60,Trump-Ukraine Meeting,MODERATE,True,The Oval Office meeting clip shows former President Trump and author Vance speaking with Ukrainian P,0.8311758041381836,broken
40a5c0c29c7580d1e4593c4a149c836c,desktop,1,3,2,1_3_2_40a5c0c29c7580d1e4593c4a149c836c.txt,0,80,0,80,Oscars Slap,HIGH,True,The Oscar Slap Clip shows Will Smith striking Chris Rock on stage during the 2022 Oscars after a jok,0.7383718490600586,broken
40a5c0c29c7580d1e4593c4a149c836c,desktop,2,1,1,2_1_1_40a5c0c29c7580d1e4593c4a149c836c.txt,80,0,0,80,Coach Carter,HIGH,True,"The Coach Carter movie clip shows Coach Carter holding a team meeting, emphasizing accountability, h",0.9691689014434814,broken
40a5c0c29c7580d1e4593c4a149c836c,desktop,2,1,2,2_1_2_40a5c0c29c7580d1e4593c4a149c836c.txt,85,0,0,85,Coach Carter,HIGH,True,"The Coach Carter movie clip shows Coach Carter addressing his team about respect, responsibility, an",0.8989229202270508,broken
40a5c0c29c7580d1e4593c4a149c836c,desktop,2,2,1,2_2_1_40a5c0c29c7580d1e4593c4a149c836c.txt,0,80,0,80,Oscars Slap,HIGH,True,The Oscar Slap Clip shows Will Smith hitting Chris Rock on stage during the 2022 Oscars after Rock m,0.8951678276062012,broken
40a5c0c29c7580d1e4593c4a149c836c,desktop,2,2,2,2_2_2_40a5c0c29c7580d1e4593c4a149c836c.txt,0,80,0,80,Oscars Slap,HIGH,True,The Oscar Slap Clip shows Will Smith walking onto the stage at the 2022 Oscars and slapping Chris Ro,0.6122822761535645,broken
40a5c0c29c7580d1e4593c4a149c836c,desktop,2,3,1,2_3_1_40a5c0c29c7580d1e4593c4a149c836c.txt,0,0,60,60,Trump-Ukraine Meeting,MODERATE,True,The clip shows former President Trump and author Vance meeting Ukrainian President Zelenskyy in the ,0.7042109966278076,broken
40a5c0c29c7580d1e4593c4a149c836c,desktop,2,3,2,2_3_2_40a5c0c29c7580d1e4593c4a149c836c.txt,0,80,0,80,Oscars Slap,HIGH,True,The Oscar Slap Clip shows Will Smith striking Chris Rock on stage during the 2022 Oscars after a jok,0.7306718826293945,broken
40a5c0c29c7580d1e4593c4a149c836c,desktop,3,1,1,3_1_1_40a5c0c29c7580d1e4593c4a149c836c.txt,80,0,0,80,Coach Carter,HIGH,True,"The Coach Carter movie clip shows Coach Carter confronting his players about their lack of focus, in",0.6401801109313965,broken
40a5c0c29c7580d1e4593c4a149c836c,desktop,3,1,2,3_1_2_40a5c0c29c7580d1e4593c4a149c836c.txt,80,0,0,80,Coach Carter,HIGH,True,"The Coach Carter movie clip shows Coach Carter teaching his players about perseverance, discipline, ",0.6021208763122559,broken
40a5c0c29c7580d1e4593c4a149c836c,desktop,3,2,1,3_2_1_40a5c0c29c7580d1e4593c4a149c836c.txt,0,60,0,60,Oscars Slap,MODERATE,True,The Oscar Slap Clip shows Will Smith slapping Chris Rock on stage at the 2022 Oscars after a joke ab,0.5995593070983887,broken
40a5c0c29c7580d1e4593c4a149c836c,desktop,3,2,2,3_2_2_40a5c0c29c7580d1e4593c4a149c836c.txt,0,80,0,80,Oscars Slap,HIGH,True,The Oscar Slap Clip shows Will Smith striking Chris Rock on stage during the 2022 Oscars after a jok,0.6875557899475098,broken
40a5c0c29c7580d1e4593c4a149c836c,desktop,3,3,1,3_3_1_40a5c0c29c7580d1e4593c4a149c836c.txt,0,0,60,60,Trump-Ukraine Meeting,MODERATE,True,The Oval Office meeting clip shows former President Trump and author Vance interacting with Ukrainia,0.6626870632171631,broken
40a5c0c29c7580d1e4593c4a149c836c,desktop,3,3,2,3_3_2_40a5c0c29c7580d1e4593c4a149c836c.txt,0,0,60,60,Trump-Ukraine Meeting,MODERATE,True,The clip shows former President Trump and author Vance meeting Ukrainian President Zelenskyy in the ,0.5965690612792969,broken
51dab5b486058180e3325b8c32b33844,desktop,1,1,1,1_1_1_51dab5b486058180e3325b8c32b33844.txt,80,0,0,80,Coach Carter,HIGH,True,"*""Coach Carter highlights how discipline, mentorship, and teamwork can transform students’ mindset, ",0.8059070110321045,broken
51dab5b486058180e3325b8c32b33844,desktop,1,1,2,1_1_2_51dab5b486058180e3325b8c32b33844.txt,80,0,0,80,Coach Carter,HIGH,True,"*""This Coach Carter scene highlights how leadership, discipline, and teamwork can inspire students t",0.9703259468078613,broken
51dab5b486058180e3325b8c32b33844,desktop,1,2,1,1_2_1_51dab5b486058180e3325b8c32b33844.txt,0,80,0,80,Oscars Slap,HIGH,True,"*""The Oscar slap clip highlights a sudden, unexpected moment that grabbed worldwide attention, showi",0.7635939121246338,broken
51dab5b486058180e3325b8c32b33844,desktop,1,2,2,1_2_2_51dab5b486058180e3325b8c32b33844.txt,0,60,0,60,Oscars Slap,MODERATE,True,"*""The Oscar slap clip captures a tense and unexpected moment, demonstrating how public incidents can",0.872028112411499,broken
51dab5b486058180e3325b8c32b33844,desktop,1,3,1,1_3_1_51dab5b486058180e3325b8c32b33844.txt,0,0,60,60,Trump-Ukraine Meeting,MODERATE,True,"*""The Oval Office meeting with Trump, Vance, and Zelenskyy highlights the importance of diplomacy, s",0.8905749320983887,broken
51dab5b486058180e3325b8c32b33844,desktop,1,3,2,1_3_2_51dab5b486058180e3325b8c32b33844.txt,0,0,80,80,Trump-Ukraine Meeting,HIGH,True,"*""The Oval Office meeting between Trump, Vance, and Zelenskyy demonstrates the complexity of high-le",0.9633958339691162,broken
51dab5b486058180e3325b8c32b33844,desktop,2,1,1,2_1_1_51dab5b486058180e3325b8c32b33844.txt,80,0,0,80,Coach Carter,HIGH,True,"*""This Coach Carter scene emphasizes how leadership, discipline, and teamwork can inspire students t",0.7712109088897705,broken
51dab5b486058180e3325b8c32b33844,desktop,2,1,2,2_1_2_51dab5b486058180e3325b8c32b33844.txt,80,0,0,80,Coach Carter,HIGH,True,"*""Coach Carter highlights how mentorship, discipline, and teamwork can transform students’ mindset, ",0.6586277484893799,broken
51dab5b486058180e3325b8c32b33844,desktop,2,2,1,2_2_1_51dab5b486058180e3325b8c32b33844.txt,0,70,0,70,Oscars Slap,MODERATE,True,"*""The Oscar slap clip captures a tense and shocking event, illustrating how quickly emotions can esc",0.6688311100006104,broken
51dab5b486058180e3325b8c32b33844,desktop,2,2,2,2_2_2_51dab5b486058180e3325b8c32b33844.txt,0,60,0,60,Oscars Slap,MODERATE,True,"*""The Oscar slap clip captures a tense and unexpected moment, demonstrating how public incidents can",0.5981287956237793,broken
51dab5b486058180e3325b8c32b33844,desktop,2,3,1,2_3_1_51dab5b486058180e3325b8c32b33844.txt,0,0,80,80,Trump-Ukraine Meeting,HIGH,True,"*""The Oval Office meeting between Trump, Vance, and Zelenskyy demonstrates the complexities of polit",0.6769437789916992,broken
51dab5b486058180e3325b8c32b33844,desktop,2,3,2,2_3_2_51dab5b486058180e3325b8c32b33844.txt,0,0,80,80,Trump-Ukraine Meeting,HIGH,True,"*""The Oval Office meeting between Trump, Vance, and Zelenskyy demonstrates the complexity of high-le",0.8323702812194824,broken
51dab5b486058180e3325b8c32b33844,desktop,3,1,1,3_1_1_51dab5b486058180e3325b8c32b33844.txt,80,0,0,80,Coach Carter,HIGH,True,"*""Coach Carter demonstrates how discipline, guidance, and teamwork can shape students’ character, te",0.5865468978881836,broken
51dab5b486058180e3325b8c32b33844,desktop,3,1,2,3_1_2_51dab5b486058180e3325b8c32b33844.txt,0,80,0,80,Oscars Slap,HIGH,True,"*""The Oscar slap clip shows a sudden, surprising incident that grabbed global attention, highlightin",0.7302930355072021,broken
51dab5b486058180e3325b8c32b33844,desktop,3,2,1,3_2_1_51dab5b486058180e3325b8c32b33844.txt,0,60,0,60,Oscars Slap,MODERATE,True,"*""The Oscar slap clip shows a surprising and intense moment, demonstrating how unexpected actions in",0.6289241313934326,broken
51dab5b486058180e3325b8c32b33844,desktop,3,2,2,3_2_2_51dab5b486058180e3325b8c32b33844.txt,0,60,0,60,Oscars Slap,MODERATE,True,"*""The Oscar slap clip captures a tense and unexpected moment, demonstrating how public incidents can",0.7387490272521973,broken
51dab5b486058180e3325b8c32b33844,desktop,3,3,1,3_3_1_51dab5b486058180e3325b8c32b33844.txt,0,0,60,60,Trump-Ukraine Meeting,MODERATE,True,"*""The Oval Office meeting with Trump, Vance, and Zelenskyy illustrates the importance of strategic d",0.7749209403991699,broken
51dab5b486058180e3325b8c32b33844,desktop,3,3,2,3_3_2_51dab5b486058180e3325b8c32b33844.txt,0,0,60,60,Trump-Ukraine Meeting,MODERATE,True,"*""The Oval Office meeting with Trump, Vance, and Zelenskyy emphasizes the significance of diplomacy,",0.8082349300384521,broken
89c853cabdef64b04bbde99e04b06927,desktop,1,1,1,1_1_1_89c853cabdef64b04bbde99e04b06927.txt,60,0,0,60,Coach Carter,MODERATE,True,it was very motivating and how to over come insecurity and how to finish what you started without an,0.8784799575805664,broken
89c853cabdef64b04bbde99e04b06927,desktop,1,1,2,1_1_2_89c853cabdef64b04bbde99e04b06927.txt,0,0,0,0,UNKNOWN,NONE,False,"Embracing our inner light & power, not playing small, allows us to shine & liberate others from fear",0.6525928974151611,broken
89c853cabdef64b04bbde99e04b06927,desktop,1,2,1,1_2_1_89c853cabdef64b04bbde99e04b06927.txt,0,0,0,0,UNKNOWN,NONE,False,it was unnecessary to talk over the stage about others personal on the stage and make scene out of i,0.6558587551116943,broken
89c853cabdef64b04bbde99e04b06927,desktop,1,2,2,1_2_2_89c853cabdef64b04bbde99e04b06927.txt,0,60,0,60,Oscars Slap,MODERATE,True,"reaction to the Oscars, specifically Will Smith's altercation with Chris Rock, and the speaker's sur",0.6480879783630371,broken
89c853cabdef64b04bbde99e04b06927,desktop,1,3,1,1_3_1_89c853cabdef64b04bbde99e04b06927.txt,0,0,80,80,Trump-Ukraine Meeting,HIGH,True,"Ukrainian president clashes with US admin in tense Oval Office meeting over support, prisoner swap, ",0.7129900455474854,broken
89c853cabdef64b04bbde99e04b06927,desktop,1,3,2,1_3_2_89c853cabdef64b04bbde99e04b06927.txt,0,0,80,80,Trump-Ukraine Meeting,HIGH,True,"meeting quickly turned confrontational, with Trump and Vice President JD Vance criticizing Zelenskyy",0.6924049854278564,broken
89c853cabdef64b04bbde99e04b06927,desktop,2,1,1,2_1_1_89c853cabdef64b04bbde99e04b06927.txt,60,0,0,60,Coach Carter,MODERATE,True,very motivating speech and helps in how to over come insecurity and how to finish what you started w,0.5877759456634521,broken
89c853cabdef64b04bbde99e04b06927,desktop,2,1,2,2_1_2_89c853cabdef64b04bbde99e04b06927.txt,0,0,0,0,UNKNOWN,NONE,False,"We're not held back by our darkness, but empowered by our light. Shining our light frees us & inspir",0.6381931304931641,broken
89c853cabdef64b04bbde99e04b06927,desktop,2,2,1,2_2_1_89c853cabdef64b04bbde99e04b06927.txt,0,60,0,60,Oscars Slap,MODERATE,True,it was not at all necessary topic on the stage and they reduced their respect from other and smith d,0.7156920433044434,broken
89c853cabdef64b04bbde99e04b06927,desktop,2,2,2,2_2_2_89c853cabdef64b04bbde99e04b06927.txt,0,80,0,80,Oscars Slap,HIGH,True,where Will Smith slapped Chris Rock on stage after Rock made a joke about Jada Pinkett Smith's hair.,0.6383631229400635,broken
89c853cabdef64b04bbde99e04b06927,desktop,2,3,1,2_3_1_89c853cabdef64b04bbde99e04b06927.txt,0,0,60,60,Trump-Ukraine Meeting,MODERATE,True,"Ukrainian president accuses US admin of empty diplomacy, criticizes handling of prisoner swap & conf",0.8768157958984375,broken
89c853cabdef64b04bbde99e04b06927,desktop,2,3,2,2_3_2_89c853cabdef64b04bbde99e04b06927.txt,0,0,80,80,Trump-Ukraine Meeting,HIGH,True,"Trump demanded Zelenskyy be more thankful for US support, saying ""You have to be thankful. You don’t",0.9790661334991455,broken
89c853cabdef64b04bbde99e04b06927,desktop,3,1,1,3_1_1_89c853cabdef64b04bbde99e04b06927.txt,60,0,0,60,Coach Carter,MODERATE,True,it was very motivating and how to over come insecurity and how to finish what you started without an,0.6808881759643555,broken
89c853cabdef64b04bbde99e04b06927,desktop,3,1,2,3_1_2_89c853cabdef64b04bbde99e04b06927.txt,0,0,0,0,UNKNOWN,NONE,False,"Embracing our power & light, rather than hiding it, allows us to shine & uplift others, creating a m",1.5423951148986816,broken
89c853cabdef64b04bbde99e04b06927,desktop,3,2,1,3_2_1_89c853cabdef64b04bbde99e04b06927.txt,0,60,0,60,Oscars Slap,MODERATE,True,slapping other was wrong actually and it cannot be acceptable who is behaving like this in front of ,0.6526730060577393,broken
89c853cabdef64b04bbde99e04b06927,desktop,3,2,2,3_2_2_89c853cabdef64b04bbde99e04b06927.txt,0,60,0,60,Oscars Slap,MODERATE,True,"conversation seems to be a live reaction to the incident, with the speaker using phrases like ""Oh wo",0.6231198310852051,broken
89c853cabdef64b04bbde99e04b06927,desktop,3,3,1,3_3_1_89c853cabdef64b04bbde99e04b06927.txt,0,0,0,0,UNKNOWN,NONE,False,Diplomatic tensions escalate: Ukrainian president's fiery Oval Office meeting with US admin exposes ,0.8193478584289551,broken
89c853cabdef64b04bbde99e04b06927,desktop,3,3,2,3_3_2_89c853cabdef64b04bbde99e04b06927.txt,0,0,80,80,Trump-Ukraine Meeting,HIGH,True,"A proposed deal for the US to access Ukraine's rare earth minerals was discussed, but no agreement w",0.6082079410552979,broken
b20c4bb7194336dc46513eda985be1fa,desktop,1,1,1,1_1_1_b20c4bb7194336dc46513eda985be1fa.txt,80,0,0,80,Coach Carter,HIGH,True,"The Coach Carter movie clip shows Coach Carter inspiring his basketball team, emphasizing discipline",0.7218501567840576,broken
b20c4bb7194336dc46513eda985be1fa,desktop,1,1,2,1_1_2_b20c4bb7194336dc46513eda985be1fa.txt,80,0,0,80,Coach Carter,HIGH,True,"The Coach Carter movie clip shows Coach Carter enforcing strict rules, motivating his basketball tea",0.810805082321167,broken
b20c4bb7194336dc46513eda985be1fa,desktop,1,2,1,1_2_1_b20c4bb7194336dc46513eda985be1fa.txt,0,80,0,80,Oscars Slap,HIGH,True,The Oscar Slap Clip shows Will Smith walking onto the stage at the 2022 Oscars and slapping Chris Ro,0.7679569721221924,broken
b20c4bb7194336dc46513eda985be1fa,desktop,1,2,2,1_2_2_b20c4bb7194336dc46513eda985be1fa.txt,0,80,0,80,Oscars Slap,HIGH,True,The Oscar Slap Clip shows Will Smith walking onto the Oscars stage and striking Chris Rock after a j,0.7189750671386719,broken
b20c4bb7194336dc46513eda985be1fa,desktop,1,3,1,1_3_1_b20c4bb7194336dc46513eda985be1fa.txt,0,0,60,60,Trump-Ukraine Meeting,MODERATE,True,The clip shows former President Trump and author Vance meeting with Ukrainian President Zelenskyy in,0.6388828754425049,broken
b20c4bb7194336dc46513eda985be1fa,desktop,1,3,2,1_3_2_b20c4bb7194336dc46513eda985be1fa.txt,0,0,60,60,Trump-Ukraine Meeting,MODERATE,True,The clip shows former President Trump and author Vance hosting Ukrainian President Zelenskyy in the ,0.7236008644104004,broken
b20c4bb7194336dc46513eda985be1fa,desktop,2,1,1,2_1_1_b20c4bb7194336dc46513eda985be1fa.txt,90,0,0,90,Coach Carter,HIGH,True,"The Coach Carter movie clip shows Coach Carter holding his team accountable, stressing education, di",6.024871110916138,broken
b20c4bb7194336dc46513eda985be1fa,desktop,2,1,2,2_1_2_b20c4bb7194336dc46513eda985be1fa.txt,80,0,0,80,Coach Carter,HIGH,True,The Coach Carter movie clip shows Coach Carter benching his basketball players for poor academic per,0.7318639755249023,broken
b20c4bb7194336dc46513eda985be1fa,desktop,2,2,1,2_2_1_b20c4bb7194336dc46513eda985be1fa.txt,0,80,0,80,Oscars Slap,HIGH,True,The Oscar Slap Clip shows Will Smith walking onto the stage during the 2022 Oscars and slapping Chri,0.8581340312957764,broken
b20c4bb7194336dc46513eda985be1fa,desktop,2,2,2,2_2_2_b20c4bb7194336dc46513eda985be1fa.txt,0,80,0,80,Oscars Slap,HIGH,True,The Oscar Slap Clip captures the moment Will Smith slapped Chris Rock on stage during the 2022 Oscar,0.5788669586181641,broken
b20c4bb7194336dc46513eda985be1fa,desktop,2,3,1,2_3_1_b20c4bb7194336dc46513eda985be1fa.txt,0,0,80,80,Trump-Ukraine Meeting,HIGH,True,The Oval Office meeting clip shows former President Trump and author Vance engaging with Ukrainian P,0.7761080265045166,broken
b20c4bb7194336dc46513eda985be1fa,desktop,2,3,2,2_3_2_b20c4bb7194336dc46513eda985be1fa.txt,0,0,60,60,Trump-Ukraine Meeting,MODERATE,True,The Oval Office meeting clip shows former President Trump and author Vance engaging Ukrainian Presid,0.7494142055511475,broken
b20c4bb7194336dc46513eda985be1fa,desktop,3,1,1,3_1_1_b20c4bb7194336dc46513eda985be1fa.txt,80,0,0,80,Coach Carter,HIGH,True,"The Coach Carter movie clip shows Coach Carter motivating his team, emphasizing discipline, academic",0.930962085723877,broken
b20c4bb7194336dc46513eda985be1fa,desktop,3,1,2,3_1_2_b20c4bb7194336dc46513eda985be1fa.txt,80,0,0,80,Coach Carter,HIGH,True,"The Coach Carter movie clip shows Coach Carter addressing his team about commitment, teaching them t",0.7405941486358643,broken
b20c4bb7194336dc46513eda985be1fa,desktop,3,2,1,3_2_1_b20c4bb7194336dc46513eda985be1fa.txt,0,80,0,80,Oscars Slap,HIGH,True,The Oscar Slap Clip shows Will Smith hitting Chris Rock on stage at the 2022 Oscars after Rock made ,0.6735692024230957,broken
b20c4bb7194336dc46513eda985be1fa,desktop,3,2,2,3_2_2_b20c4bb7194336dc46513eda985be1fa.txt,0,80,0,80,Oscars Slap,HIGH,True,The Oscar Slap Clip shows Will Smith reacting to Chris Rock’s joke about Jada Pinkett Smith by slapp,0.5514118671417236,broken
b20c4bb7194336dc46513eda985be1fa,desktop,3,3,1,3_3_1_b20c4bb7194336dc46513eda985be1fa.txt,0,0,60,60,Trump-Ukraine Meeting,MODERATE,True,The clip shows former President Trump and author Vance meeting Ukrainian President Zelenskyy in the ,0.6246109008789062,broken
b20c4bb7194336dc46513eda985be1fa,desktop,3,3,2,3_3_2_b20c4bb7194336dc46513eda985be1fa.txt,0,0,60,60,Trump-Ukraine Meeting,MODERATE,True,The clip shows former President Trump and author Vance in the Oval Office with Ukrainian President Z,0.7086682319641113,broken
c07090f6213e1c0fb92b31e0c00b93d9,desktop,1,1,1,1_1_1_c07090f6213e1c0fb92b31e0c00b93d9.txt,80,0,0,80,Coach Carter,HIGH,True,"*""Coach Carter highlights how discipline, mentorship, and teamwork can transform students’ mindset, ",0.7098939418792725,broken
c07090f6213e1c0fb92b31e0c00b93d9,desktop,1,1,2,1_1_2_c07090f6213e1c0fb92b31e0c00b93d9.txt,80,0,0,80,Coach Carter,HIGH,True,"*""Coach Carter shows how strong mentorship, discipline, and teamwork can inspire students to take re",0.7127358913421631,broken
c07090f6213e1c0fb92b31e0c00b93d9,desktop,1,2,1,1_2_1_c07090f6213e1c0fb92b31e0c00b93d9.txt,0,70,0,70,Oscars Slap,MODERATE,True,"*""The Oscar slap clip captures a shocking and tense moment, showing how sudden actions can create co",0.6611599922180176,broken
c07090f6213e1c0fb92b31e0c00b93d9,desktop,1,2,2,1_2_2_c07090f6213e1c0fb92b31e0c00b93d9.txt,0,80,0,80,Oscars Slap,HIGH,True,"*""The Oscar slap clip captures a shocking and intense moment, showing how sudden actions can trigger",0.6375167369842529,broken
c07090f6213e1c0fb92b31e0c00b93d9,desktop,1,3,1,1_3_1_c07090f6213e1c0fb92b31e0c00b93d9.txt,0,0,60,60,Trump-Ukraine Meeting,MODERATE,True,"*""The Oval Office meeting with Trump, Vance, and Zelenskyy highlights the importance of diplomacy, s",0.7123870849609375,broken
c07090f6213e1c0fb92b31e0c00b93d9,desktop,1,3,2,1_3_2_c07090f6213e1c0fb92b31e0c00b93d9.txt,0,60,0,60,Oscars Slap,MODERATE,True,"*""The Oscar slap clip captures a tense and unexpected moment, demonstrating how public incidents can",0.7485990524291992,broken
c07090f6213e1c0fb92b31e0c00b93d9,desktop,2,1,1,2_1_1_c07090f6213e1c0fb92b31e0c00b93d9.txt,80,0,0,80,Coach Carter,HIGH,True,"*""Coach Carter shows how strong guidance, discipline, and teamwork help students grow, take responsi",0.7451527118682861,broken
c07090f6213e1c0fb92b31e0c00b93d9,desktop,2,1,2,2_1_2_c07090f6213e1c0fb92b31e0c00b93d9.txt,90,0,0,90,Coach Carter,HIGH,True,"*""This Coach Carter scene highlights how discipline, accountability, and teamwork can guide students",0.7273581027984619,broken
c07090f6213e1c0fb92b31e0c00b93d9,desktop,2,2,1,2_2_1_c07090f6213e1c0fb92b31e0c00b93d9.txt,0,80,0,80,Oscars Slap,HIGH,True,"*""The Oscar slap clip highlights a sudden, unexpected moment that grabbed worldwide attention, showi",0.5645852088928223,broken
c07090f6213e1c0fb92b31e0c00b93d9,desktop,2,2,2,2_2_2_c07090f6213e1c0fb92b31e0c00b93d9.txt,0,80,0,80,Oscars Slap,HIGH,True,"*""The Oscar slap clip shows a sudden, surprising incident that grabbed global attention, highlightin",0.7433791160583496,broken
c07090f6213e1c0fb92b31e0c00b93d9,desktop,2,3,1,2_3_1_c07090f6213e1c0fb92b31e0c00b93d9.txt,0,0,60,60,Trump-Ukraine Meeting,MODERATE,True,"*""The Oval Office meeting with Trump, Vance, and Zelenskyy highlights the importance of diplomacy, s",0.8178691864013672,broken
c07090f6213e1c0fb92b31e0c00b93d9,desktop,2,3,2,2_3_2_c07090f6213e1c0fb92b31e0c00b93d9.txt,0,0,60,60,Trump-Ukraine Meeting,MODERATE,True,"*""The Oval Office meeting with Trump, Vance, and Zelenskyy highlights the importance of diplomacy, s",0.7729477882385254,broken
c07090f6213e1c0fb92b31e0c00b93d9,desktop,3,1,1,3_1_1_c07090f6213e1c0fb92b31e0c00b93d9.txt,80,0,0,80,Coach Carter,HIGH,True,"*""This Coach Carter scene emphasizes how leadership, discipline, and teamwork can inspire students t",0.7776119709014893,broken
c07090f6213e1c0fb92b31e0c00b93d9,desktop,3,1,2,3_1_2_c07090f6213e1c0fb92b31e0c00b93d9.txt,60,0,0,60,Coach Carter,MODERATE,True,"*""Coach Carter demonstrates how discipline, mentorship, and teamwork can shape students’ character, ",2.0889499187469482,broken
c07090f6213e1c0fb92b31e0c00b93d9,desktop,3,2,1,3_2_1_c07090f6213e1c0fb92b31e0c00b93d9.txt,0,80,0,80,Oscars Slap,HIGH,True,"*""The Oscar slap clip captures a tense and shocking event, illustrating how quickly emotions can esc",0.6952850818634033,broken
c07090f6213e1c0fb92b31e0c00b93d9,desktop,3,2,2,3_2_2_c07090f6213e1c0fb92b31e0c00b93d9.txt,0,60,0,60,Oscars Slap,MODERATE,True,"*""The Oscar slap clip captures a tense and unexpected moment, demonstrating how public incidents can",0.9221417903900146,broken
c07090f6213e1c0fb92b31e0c00b93d9,desktop,3,3,1,3_3_1_c07090f6213e1c0fb92b31e0c00b93d9.txt,0,0,80,80,Trump-Ukraine Meeting,HIGH,True,"*""The Oval Office meeting between Trump, Vance, and Zelenskyy demonstrates the complexities of polit",0.779559850692749,broken
c07090f6213e1c0fb92b31e0c00b93d9,desktop,3,3,2,3_3_2_c07090f6213e1c0fb92b31e0c00b93d9.txt,0,0,60,60,Trump-Ukraine Meeting,MODERATE,True,"*""The Oval Office meeting with Trump, Vance, and Zelenskyy emphasizes the significance of diplomacy,",0.8096170425415039,broken
c4a6070b1b7a16facf1d1e44e39a8a46,desktop,1,1,1,1_1_1_c4a6070b1b7a16facf1d1e44e39a8a46.txt,80,0,0,80,Coach Carter,HIGH,True,"*""Coach Carter demonstrates how discipline, teamwork, and strong mentorship can guide students towar",0.6502771377563477,broken
c4a6070b1b7a16facf1d1e44e39a8a46,desktop,1,1,2,1_1_2_c4a6070b1b7a16facf1d1e44e39a8a46.txt,80,0,0,80,Coach Carter,HIGH,True,"*""Coach Carter demonstrates how mentorship, discipline, and teamwork can inspire students to take re",0.5772838592529297,broken
c4a6070b1b7a16facf1d1e44e39a8a46,desktop,1,2,1,1_2_1_c4a6070b1b7a16facf1d1e44e39a8a46.txt,0,80,0,80,Oscars Slap,HIGH,True,"*""The Oscar slap clip shows how a sudden, shocking moment can capture global attention, sparking deb",0.8213210105895996,broken
c4a6070b1b7a16facf1d1e44e39a8a46,desktop,1,2,2,1_2_2_c4a6070b1b7a16facf1d1e44e39a8a46.txt,0,80,0,80,Oscars Slap,HIGH,True,"*""The Oscar slap clip captures a shocking moment that instantly grabbed global attention, showing ho",0.6441137790679932,broken
c4a6070b1b7a16facf1d1e44e39a8a46,desktop,1,3,1,1_3_1_c4a6070b1b7a16facf1d1e44e39a8a46.txt,0,0,80,80,Trump-Ukraine Meeting,HIGH,True,"*""The Oval Office meeting with Trump, Vance, and Zelenskyy highlights the delicate balance of diplom",0.5922439098358154,broken
c4a6070b1b7a16facf1d1e44e39a8a46,desktop,1,3,2,1_3_2_c4a6070b1b7a16facf1d1e44e39a8a46.txt,0,0,80,80,Trump-Ukraine Meeting,HIGH,True,"*""The Oval Office meeting with Trump, Vance, and Zelenskyy illustrates the challenges of high-level ",0.5878689289093018,broken
c4a6070b1b7a16facf1d1e44e39a8a46,desktop,2,1,1,2_1_1_c4a6070b1b7a16facf1d1e44e39a8a46.txt,90,0,0,90,Coach Carter,HIGH,True,"*""This Coach Carter scene shows how discipline, accountability, and teamwork can transform students’",0.825326681137085,broken
c4a6070b1b7a16facf1d1e44e39a8a46,desktop,2,1,2,2_1_2_c4a6070b1b7a16facf1d1e44e39a8a46.txt,80,0,0,80,Coach Carter,HIGH,True,"*""This Coach Carter scene highlights the impact of discipline, guidance, and teamwork in shaping stu",0.6370887756347656,broken
c4a6070b1b7a16facf1d1e44e39a8a46,desktop,2,2,1,2_2_1_c4a6070b1b7a16facf1d1e44e39a8a46.txt,0,60,0,60,Oscars Slap,MODERATE,True,"*""The Oscar slap clip highlights an unexpected incident that quickly drew worldwide attention, showi",0.8311967849731445,broken
c4a6070b1b7a16facf1d1e44e39a8a46,desktop,2,2,2,2_2_2_c4a6070b1b7a16facf1d1e44e39a8a46.txt,0,80,0,80,Oscars Slap,HIGH,True,"*""The Oscar slap clip highlights an unexpected and intense moment, demonstrating how sudden actions ",0.8090860843658447,broken
c4a6070b1b7a16facf1d1e44e39a8a46,desktop,2,3,1,2_3_1_c4a6070b1b7a16facf1d1e44e39a8a46.txt,0,0,80,80,Trump-Ukraine Meeting,HIGH,True,"*""The Oval Office meeting between Trump, Vance, and Zelenskyy demonstrates the complexity of interna",0.775399923324585,broken
c4a6070b1b7a16facf1d1e44e39a8a46,desktop,2,3,2,2_3_2_c4a6070b1b7a16facf1d1e44e39a8a46.txt,0,0,60,60,Trump-Ukraine Meeting,MODERATE,True,"*""The Oval Office meeting between Trump, Vance, and Zelenskyy highlights the importance of strategic",0.8538730144500732,broken
c4a6070b1b7a16facf1d1e44e39a8a46,desktop,3,1,1,3_1_1_c4a6070b1b7a16facf1d1e44e39a8a46.txt,90,0,0,90,Coach Carter,HIGH,True,"*""In Coach Carter, we see how strong leadership and high expectations push students to grow, embrace",1.2939999103546143,broken
c4a6070b1b7a16facf1d1e44e39a8a46,desktop,3,1,2,3_1_2_c4a6070b1b7a16facf1d1e44e39a8a46.txt,80,0,0,80,Coach Carter,HIGH,True,"*""Coach Carter shows how strong leadership and high expectations can motivate students to embrace di",0.916438102722168,broken
c4a6070b1b7a16facf1d1e44e39a8a46,desktop,3,2,1,3_2_1_c4a6070b1b7a16facf1d1e44e39a8a46.txt,0,70,0,70,Oscars Slap,MODERATE,True,"*""The Oscar slap clip captures a surprising and tense moment, illustrating how emotions can escalate",0.6783788204193115,broken
c4a6070b1b7a16facf1d1e44e39a8a46,desktop,3,2,2,3_2_2_c4a6070b1b7a16facf1d1e44e39a8a46.txt,0,80,0,80,Oscars Slap,HIGH,True,"*""The Oscar slap clip shows a dramatic and surprising incident, emphasizing how quickly emotions can",0.7170648574829102,broken
c4a6070b1b7a16facf1d1e44e39a8a46,desktop,3,3,1,3_3_1_c4a6070b1b7a16facf1d1e44e39a8a46.txt,0,0,80,80,Trump-Ukraine Meeting,HIGH,True,"*""The Oval Office meeting with Trump, Vance, and Zelenskyy emphasizes the importance of negotiation,",1.050553798675537,broken
c4a6070b1b7a16facf1d1e44e39a8a46,desktop,3,3,2,3_3_2_c4a6070b1b7a16facf1d1e44e39a8a46.txt,0,0,80,80,Trump-Ukraine Meeting,HIGH,True,"*""The Oval Office meeting between Trump, Vance, and Zelenskyy highlights the importance of strategic",0.8564989566802979,broken
c91cdd3850c741c24dbb8c1607b8712d,desktop,1,1,2,1_1_2_c91cdd3850c741c24dbb8c1607b8712d.txt,90,0,0,90,Coach Carter,HIGH,True,The coach’s message about overcoming self-doubt really resonated with me. It’s a powerful reminder t,0.5958211421966553,broken
c91cdd3850c741c24dbb8c1607b8712d,desktop,1,2,1,1_2_1_c91cdd3850c741c24dbb8c1607b8712d.txt,0,80,0,80,Oscars Slap,HIGH,True,That moment at the awards was totally unexpected and shocking. It really caught everyone off guard a,0.5559511184692383,broken
c91cdd3850c741c24dbb8c1607b8712d,desktop,1,2,2,1_2_2_c91cdd3850c741c24dbb8c1607b8712d.txt,0,80,0,80,Oscars Slap,HIGH,True,That slap at the awards show was totally unexpected and really changed the mood in the room. It’s cr,0.7180020809173584,broken
c91cdd3850c741c24dbb8c1607b8712d,desktop,1,3,1,1_3_1_c91cdd3850c741c24dbb8c1607b8712d.txt,0,0,70,70,Trump-Ukraine Meeting,MODERATE,True,"Watching the meeting between Trump, Vance, and Zelenskyy was insightful. It showed how important dip",0.6463379859924316,broken
c91cdd3850c741c24dbb8c1607b8712d,desktop,1,3,2,1_3_2_c91cdd3850c741c24dbb8c1607b8712d.txt,0,0,60,60,Trump-Ukraine Meeting,MODERATE,True,"A rare moment of diplomacy unfolds in the Oval Office as Trump, Vance, and Zelenskyy discuss global ",0.52457594871521,broken
c91cdd3850c741c24dbb8c1607b8712d,desktop,2,1,2,2_1_2_c91cdd3850c741c24dbb8c1607b8712d.txt,90,0,0,90,Coach Carter,HIGH,True,The coac’hs message about overcoming self-doubt really resonated with me. It’s a powerful reminder t,0.651421070098877,broken
c91cdd3850c741c24dbb8c1607b8712d,desktop,2,2,1,2_2_1_c91cdd3850c741c24dbb8c1607b8712d.txt,0,80,0,80,Oscars Slap,HIGH,True,The slap during the ceremony was really surprising. It showed how quickly emotions can escalate in p,1.108994960784912,broken
c91cdd3850c741c24dbb8c1607b8712d,desktop,2,2,2,2_2_2_c91cdd3850c741c24dbb8c1607b8712d.txt,0,80,0,80,Oscars Slap,HIGH,True,That unexpected slap really changed the energy of the event. It’s wild how quickly a single moment c,0.7293620109558105,broken
c91cdd3850c741c24dbb8c1607b8712d,desktop,2,3,1,2_3_1_c91cdd3850c741c24dbb8c1607b8712d.txt,0,0,60,60,Trump-Ukraine Meeting,MODERATE,True,The Oval Office discussion highlighted the complexity of international relations. You could tell eve,0.7173330783843994,broken
c91cdd3850c741c24dbb8c1607b8712d,desktop,2,3,2,2_3_2_c91cdd3850c741c24dbb8c1607b8712d.txt,0,0,80,80,Trump-Ukraine Meeting,HIGH,True,"Watching Trump, Vance, and Zelenskyy seated together in the Oval Office feels like a glimpse into hi",0.6812143325805664,broken
c91cdd3850c741c24dbb8c1607b8712d,desktop,3,1,1,3_1_1_c91cdd3850c741c24dbb8c1607b8712d.txt,90,0,0,90,Coach Carter,HIGH,True,I liked how the coach reminded them that fear can hold us back more than failure. It was a strong me,0.6513221263885498,broken
c91cdd3850c741c24dbb8c1607b8712d,desktop,3,1,2,3_1_2_c91cdd3850c741c24dbb8c1607b8712d.txt,90,0,0,90,Coach Carter,HIGH,True,Watching the coach challenge the students made me think about the importance of believing in your ow,0.5162947177886963,broken
c91cdd3850c741c24dbb8c1607b8712d,desktop,3,2,1,3_2_1_c91cdd3850c741c24dbb8c1607b8712d.txt,0,80,0,80,Oscars Slap,HIGH,True,The atmosphere in the room was completely altered by that surprise smack during the awards event. It,0.7931277751922607,broken
c91cdd3850c741c24dbb8c1607b8712d,desktop,3,2,2,3_2_2_c91cdd3850c741c24dbb8c1607b8712d.txt,0,80,0,80,Oscars Slap,HIGH,True,The tension during that awards ceremony was intense after the slap. It shows how powerful and sudden,0.578812837600708,broken
c91cdd3850c741c24dbb8c1607b8712d,desktop,3,3,1,3_3_1_c91cdd3850c741c24dbb8c1607b8712d.txt,0,0,60,60,Trump-Ukraine Meeting,MODERATE,True,"That meeting captured the serious tone of global politics. The conversations seemed intense, remindi",0.7404608726501465,broken
c91cdd3850c741c24dbb8c1607b8712d,desktop,3,3,2,3_3_2_c91cdd3850c741c24dbb8c1607b8712d.txt,0,0,60,60,Trump-Ukraine Meeting,MODERATE,True,"The Oval Office meeting between Trump, Vance, and Zelenskyy highlights the complexity of internation",0.8284118175506592,broken
cf2845beb6dbbdee3e38df3cb6bb6c31,desktop,1,1,1,1_1_1_cf2845beb6dbbdee3e38df3cb6bb6c31.txt,80,0,0,80,Coach Carter,HIGH,True,The Coach Carter movie clip shows Coach Carter confronting his players about their attitude and perf,0.7122581005096436,broken
cf2845beb6dbbdee3e38df3cb6bb6c31,desktop,1,1,2,1_1_2_cf2845beb6dbbdee3e38df3cb6bb6c31.txt,80,0,0,80,Coach Carter,HIGH,True,The Coach Carter movie clip shows Coach Carter confronting his players about their poor performance ,0.6014440059661865,broken
cf2845beb6dbbdee3e38df3cb6bb6c31,desktop,1,2,1,1_2_1_cf2845beb6dbbdee3e38df3cb6bb6c31.txt,0,80,0,80,Oscars Slap,HIGH,True,The Oscar Slap Clip shows Will Smith slapping Chris Rock on stage during the 2022 Oscars after Rock ,1.3897948265075684,broken
cf2845beb6dbbdee3e38df3cb6bb6c31,desktop,1,2,2,1_2_2_cf2845beb6dbbdee3e38df3cb6bb6c31.txt,0,70,0,70,Oscars Slap,MODERATE,True,The Oscar Slap Clip shows Will Smith slapping Chris Rock on stage during the 2022 Oscars after a jok,0.713738203048706,broken
cf2845beb6dbbdee3e38df3cb6bb6c31,desktop,1,3,1,1_3_1_cf2845beb6dbbdee3e38df3cb6bb6c31.txt,0,0,60,60,Trump-Ukraine Meeting,MODERATE,True,The Oval Office meeting clip shows former President Trump and author Vance engaging with Ukrainian P,0.6787497997283936,broken
cf2845beb6dbbdee3e38df3cb6bb6c31,desktop,1,3,2,1_3_2_cf2845beb6dbbdee3e38df3cb6bb6c31.txt,0,0,60,60,Trump-Ukraine Meeting,MODERATE,True,The clip shows former President Trump and author Vance meeting with Ukrainian President Zelenskyy in,0.7972049713134766,broken
cf2845beb6dbbdee3e38df3cb6bb6c31,desktop,2,1,1,2_1_1_cf2845beb6dbbdee3e38df3cb6bb6c31.txt,80,0,0,80,Coach Carter,HIGH,True,"The Coach Carter movie clip shows Coach Carter addressing his team about commitment, accountability,",0.6910810470581055,broken
cf2845beb6dbbdee3e38df3cb6bb6c31,desktop,2,1,2,2_1_2_cf2845beb6dbbdee3e38df3cb6bb6c31.txt,90,0,0,90,Coach Carter,HIGH,True,"The Coach Carter movie clip shows Coach Carter inspiring his players to take responsibility, value e",0.7321820259094238,broken
cf2845beb6dbbdee3e38df3cb6bb6c31,desktop,2,2,1,2_2_1_cf2845beb6dbbdee3e38df3cb6bb6c31.txt,0,80,0,80,Oscars Slap,HIGH,True,The Oscar Slap Clip shows Will Smith slapping Chris Rock on stage at the 2022 Oscars after Rock made,1.2992780208587646,broken
cf2845beb6dbbdee3e38df3cb6bb6c31,desktop,2,2,2,2_2_2_cf2845beb6dbbdee3e38df3cb6bb6c31.txt,0,80,0,80,Oscars Slap,HIGH,True,The Oscar Slap Clip shows Will Smith slapping Chris Rock on stage during the 2022 Oscars after a jok,0.6439297199249268,broken
cf2845beb6dbbdee3e38df3cb6bb6c31,desktop,2,3,1,2_3_1_cf2845beb6dbbdee3e38df3cb6bb6c31.txt,0,0,60,60,Trump-Ukraine Meeting,MODERATE,True,The Oval Office meeting clip shows former President Trump and author Vance talking with Ukrainian Pr,0.6894021034240723,broken
cf2845beb6dbbdee3e38df3cb6bb6c31,desktop,2,3,2,2_3_2_cf2845beb6dbbdee3e38df3cb6bb6c31.txt,0,0,60,60,Trump-Ukraine Meeting,MODERATE,True,The clip shows former President Trump and author Vance meeting with Ukrainian President Zelenskyy in,0.7482390403747559,broken
cf2845beb6dbbdee3e38df3cb6bb6c31,desktop,3,1,1,3_1_1_cf2845beb6dbbdee3e38df3cb6bb6c31.txt,90,0,0,90,Coach Carter,HIGH,True,"The Coach Carter movie clip shows Coach Carter inspiring his players to set goals, maintain discipli",0.6881401538848877,broken
cf2845beb6dbbdee3e38df3cb6bb6c31,desktop,3,1,2,3_1_2_cf2845beb6dbbdee3e38df3cb6bb6c31.txt,90,0,0,90,Coach Carter,HIGH,True,"The Coach Carter movie clip shows Coach Carter addressing his team about accountability, motivating ",0.5574758052825928,broken
cf2845beb6dbbdee3e38df3cb6bb6c31,desktop,3,2,1,3_2_1_cf2845beb6dbbdee3e38df3cb6bb6c31.txt,0,80,0,80,Oscars Slap,HIGH,True,The Oscar Slap Clip shows Will Smith slapping Chris Rock on stage at the 2022 Oscars after Rock made,0.6303970813751221,broken
cf2845beb6dbbdee3e38df3cb6bb6c31,desktop,3,2,2,3_2_2_cf2845beb6dbbdee3e38df3cb6bb6c31.txt,0,80,0,80,Oscars Slap,HIGH,True,The Oscar Slap Clip shows Will Smith striking Chris Rock on stage at the 2022 Oscars after Rock joke,1.1612019538879395,broken
cf2845beb6dbbdee3e38df3cb6bb6c31,desktop,3,3,1,3_3_1_cf2845beb6dbbdee3e38df3cb6bb6c31.txt,0,0,60,60,Trump-Ukraine Meeting,MODERATE,True,The clip shows former President Trump and author Vance meeting Ukrainian President Zelenskyy in the ,0.7039849758148193,broken
cf2845beb6dbbdee3e38df3cb6bb6c31,desktop,3,3,2,3_3_2_cf2845beb6dbbdee3e38df3cb6bb6c31.txt,0,0,80,80,Trump-Ukraine Meeting,HIGH,True,The clip shows former President Trump and author Vance meeting with Ukrainian President Zelenskyy in,0.5810019969940186,broken
eb048d9ffac5eb0afb5ca8819175bbb6,desktop,1,1,1,1_1_1_eb048d9ffac5eb0afb5ca8819175bbb6.txt,80,0,0,80,Coach Carter,HIGH,True,"*""Coach Carter demonstrates the impact of guidance and discipline on young athletes, showing that su",0.6799581050872803,broken
eb048d9ffac5eb0afb5ca8819175bbb6,desktop,1,1,2,1_1_2_eb048d9ffac5eb0afb5ca8819175bbb6.txt,80,0,0,80,Coach Carter,HIGH,True,"*""Coach Carter shows how leadership, discipline, and teamwork can inspire students to take responsib",0.7498869895935059,broken
eb048d9ffac5eb0afb5ca8819175bbb6,desktop,1,2,1,1_2_1_eb048d9ffac5eb0afb5ca8819175bbb6.txt,0,70,0,70,Oscars Slap,MODERATE,True,"*""The Oscar slap clip shows how unexpected moments can spark controversy and discussion, highlightin",0.5474808216094971,broken
eb048d9ffac5eb0afb5ca8819175bbb6,desktop,1,2,2,1_2_2_eb048d9ffac5eb0afb5ca8819175bbb6.txt,0,70,0,70,Oscars Slap,MODERATE,True,"*""The Oscar slap clip captures a shocking and unexpected moment, showing how emotions can erupt publ",0.6918799877166748,broken
eb048d9ffac5eb0afb5ca8819175bbb6,desktop,1,3,1,1_3_1_eb048d9ffac5eb0afb5ca8819175bbb6.txt,0,0,60,60,Trump-Ukraine Meeting,MODERATE,True,"*""The Oval Office meeting between Trump, Vance, and Zelenskyy shows the complexity of political disc",0.7715568542480469,broken
eb048d9ffac5eb0afb5ca8819175bbb6,desktop,1,3,2,1_3_2_eb048d9ffac5eb0afb5ca8819175bbb6.txt,0,0,60,60,Trump-Ukraine Meeting,MODERATE,True,"*""The Oval Office meeting with Trump, Vance, and Zelenskyy highlights the importance of careful nego",0.6524360179901123,broken
eb048d9ffac5eb0afb5ca8819175bbb6,desktop,2,1,1,2_1_1_eb048d9ffac5eb0afb5ca8819175bbb6.txt,80,0,0,80,Coach Carter,HIGH,True,"*""Coach Carter teaches that true success comes from discipline, teamwork, and accountability, showin",0.6031439304351807,broken
eb048d9ffac5eb0afb5ca8819175bbb6,desktop,2,1,2,2_1_2_eb048d9ffac5eb0afb5ca8819175bbb6.txt,80,0,0,80,Coach Carter,HIGH,True,"*""This Coach Carter scene emphasizes how discipline, guidance, and teamwork can shape students’ char",0.6988253593444824,broken
eb048d9ffac5eb0afb5ca8819175bbb6,desktop,2,2,1,2_2_1_eb048d9ffac5eb0afb5ca8819175bbb6.txt,0,70,0,70,Oscars Slap,MODERATE,True,"*""The Oscar slap clip captures a shocking and tense moment, showing how emotions can boil over in pu",0.6804542541503906,broken
eb048d9ffac5eb0afb5ca8819175bbb6,desktop,2,2,2,2_2_2_eb048d9ffac5eb0afb5ca8819175bbb6.txt,0,80,0,80,Oscars Slap,HIGH,True,"*""The Oscar slap clip shows a tense and surprising moment, highlighting how quickly emotions can esc",0.730658769607544,broken
eb048d9ffac5eb0afb5ca8819175bbb6,desktop,2,3,1,2_3_1_eb048d9ffac5eb0afb5ca8819175bbb6.txt,0,0,60,60,Trump-Ukraine Meeting,MODERATE,True,"*""The Oval Office meeting with Trump, Vance, and Zelenskyy highlights the importance of diplomacy, n",0.6826369762420654,broken
eb048d9ffac5eb0afb5ca8819175bbb6,desktop,2,3,2,2_3_2_eb048d9ffac5eb0afb5ca8819175bbb6.txt,0,0,60,60,Trump-Ukraine Meeting,MODERATE,True,"*""The Oval Office meeting between Trump, Vance, and Zelenskyy demonstrates the complexity of politic",0.6667871475219727,broken
eb048d9ffac5eb0afb5ca8819175bbb6,desktop,3,1,1,3_1_1_eb048d9ffac5eb0afb5ca8819175bbb6.txt,80,0,0,80,Coach Carter,HIGH,True,"*""This scene from Coach Carter highlights how dedication, discipline, and teamwork shape character a",0.6547620296478271,broken
eb048d9ffac5eb0afb5ca8819175bbb6,desktop,3,1,2,3_1_2_eb048d9ffac5eb0afb5ca8819175bbb6.txt,90,0,0,90,Coach Carter,HIGH,True,"*""Coach Carter highlights the power of mentorship, showing that discipline, accountability, and team",0.8217530250549316,broken
eb048d9ffac5eb0afb5ca8819175bbb6,desktop,3,2,1,3_2_1_eb048d9ffac5eb0afb5ca8819175bbb6.txt,0,80,0,80,Oscars Slap,HIGH,True,"*""The Oscar slap clip highlights a surprising and intense moment that shows how quickly emotions can",1.0792670249938965,broken
eb048d9ffac5eb0afb5ca8819175bbb6,desktop,3,2,2,3_2_2_eb048d9ffac5eb0afb5ca8819175bbb6.txt,0,60,0,60,Oscars Slap,MODERATE,True,"*""The Oscar slap clip captures an intense and unexpected event, showing how sudden actions can creat",0.6765351295471191,broken
eb048d9ffac5eb0afb5ca8819175bbb6,desktop,3,3,1,3_3_1_eb048d9ffac5eb0afb5ca8819175bbb6.txt,0,0,60,60,Trump-Ukraine Meeting,MODERATE,True,"*""The Oval Office meeting between Trump, Vance, and Zelenskyy demonstrates how high-level discussion",0.7213790416717529,broken
eb048d9ffac5eb0afb5ca8819175bbb6,desktop,3,3,2,3_3_2_eb048d9ffac5eb0afb5ca8819175bbb6.txt,0,0,80,80,Trump-Ukraine Meeting,HIGH,True,"*""The Oval Office meeting between Trump, Vance, and Zelenskyy demonstrates the complexity of politic",0.6232728958129883,broken
